"Date","Centre hospitalier de St. Mary","Institut universitaire en santé mentale Douglas","Hôpital de LaSalle","Hôpital général du Lakeshore","L'Hôpital général Juif Sir Mortimer B. Davis","Hôpital de Verdun","Hôpital Notre-Dame","Hôpital Fleury","Hôpital du Sacré-Coeur de Montréal","Hôpital Jean-Talon","Pavillon Albert-Prévost","Institut universitaire en santé mentale de Montréal","Hôpital Maisonneuve-Rosemont","Hôpital Santa Cabrini","Centre hospitalier de l'Université de Montréal","Hôpital Royal Victoria","Hôpital général de Montréal","Hôpital de Montréal pour enfants","Campus Lachine","Institut de Cardiologie de Montréal","CHU Sainte-Justine","Total"
2022-05-30,123,83,120,142,164,135,100,128,104,73,69,75,167,126,149,152,135,50,57,73,81,124
2022-05-31,123,33,153,119,177,127,109,128,143,91,62,17,163,132,137,170,142,75,79,NA,106,131
2022-06-01,91,100,147,132,174,108,100,100,183,114,62,8,167,124,127,161,139,83,57,86,100,128
2022-06-02,95,0,127,119,125,104,111,89,NA,73,NA,NA,165,105,131,152,142,92,100,68,38,114
2022-06-03,100,0,133,129,147,100,117,122,NA,91,NA,17,161,103,151,182,129,92,71,73,106,123
2022-06-04,50,33,107,113,162,104,94,100,NA,82,NA,33,120,89,127,152,139,117,43,64,94,109
2022-06-05,86,83,140,132,147,73,106,133,NA,59,NA,25,124,87,141,142,129,83,43,27,75,108
2022-06-06,68,67,153,103,113,104,100,139,NA,77,NA,58,144,92,147,161,165,42,43,45,81,112
2022-06-07,68,67,153,103,113,104,100,139,NA,77,NA,58,144,92,147,161,165,42,43,45,81,112
2022-06-08,91,17,127,174,208,115,94,122,NA,64,69,17,152,113,145,173,139,167,50,64,88,127
2022-06-09,73,50,160,171,191,115,114,100,115,95,77,58,146,132,143,164,152,92,43,50,106,127
2022-06-10,82,67,153,152,170,127,100,117,109,64,62,83,130,132,143,182,139,142,50,73,88,123
2022-06-11,95,67,60,119,149,77,103,122,113,82,69,25,141,118,145,167,129,133,29,41,62,112
2022-06-12,50,17,100,119,115,46,126,111,117,77,62,58,135,113,125,173,132,75,21,86,106,108
2022-06-13,86,33,113,113,162,73,126,122,139,86,62,58,141,103,143,176,152,83,71,77,94,121
2022-06-14,105,117,133,132,185,108,151,150,154,100,31,58,172,108,151,164,139,133,36,109,144,136
2022-06-15,114,83,120,148,168,119,114,67,124,68,62,67,178,103,159,185,145,117,50,100,56,128
2022-06-16,105,100,133,161,172,115,143,117,148,68,54,50,135,97,149,173,152,192,43,82,75,129
2022-06-17,105,33,120,148,175,96,131,117,126,59,46,75,141,89,153,170,165,142,36,73,88,124
2022-06-18,95,100,100,158,181,88,106,94,128,123,23,8,NA,103,151,152,158,92,57,41,119,119
2022-06-19,73,83,120,148,149,88,100,100,109,50,46,25,124,92,155,133,161,117,64,77,NA,113
2022-06-20,95,50,113,145,166,96,123,72,102,82,31,33,133,103,141,139,171,125,64,86,94,117
2022-06-21,132,133,120,181,157,112,131,106,139,73,31,33,139,129,139,161,119,125,79,82,NA,127
2022-06-22,123,50,140,187,125,123,114,139,141,77,54,25,117,76,131,161,113,42,64,73,NA,116
2022-06-23,141,133,87,171,158,119,126,117,148,114,23,8,139,79,129,170,126,150,64,73,62,123
2022-06-24,105,NA,93,168,132,85,111,83,115,95,38,67,119,79,133,161,132,92,29,68,NA,108
2022-06-25,114,150,120,168,136,69,109,83,111,91,69,58,126,82,98,179,116,142,36,91,NA,112
2022-06-26,82,83,100,171,136,73,111,78,137,91,92,67,137,100,108,148,135,58,29,91,NA,113
2022-06-27,118,83,67,190,136,81,131,111,159,73,69,108,131,87,108,161,148,67,57,91,112,120
2022-06-28,118,117,147,158,140,69,134,100,150,73,85,58,161,82,143,191,135,108,79,73,NA,126
2022-06-29,132,67,113,152,142,96,120,133,133,109,54,33,135,100,131,170,152,133,29,95,150,124
2022-06-30,91,67,133,184,157,85,134,139,107,95,23,8,144,100,127,142,155,125,64,73,NA,121
2022-07-01,109,33,113,145,134,100,103,122,98,68,54,42,104,95,120,170,181,117,21,50,NA,110
2022-07-02,114,117,73,187,128,96,109,111,98,77,85,33,100,82,102,152,203,125,64,82,NA,112
2022-07-03,123,133,107,155,151,104,111,122,130,100,85,67,115,87,120,115,171,117,21,59,NA,116
2022-07-04,91,100,167,152,179,112,126,128,139,100,85,125,141,100,127,109,190,100,43,55,81,126
2022-07-05,100,150,153,158,155,115,111,128,148,86,15,108,152,113,129,145,165,100,43,59,131,126
2022-07-06,132,17,167,200,181,119,123,128,146,105,38,33,146,116,137,148,177,150,79,64,100,134
2022-07-07,136,17,107,155,132,58,100,94,159,91,62,42,144,116,120,118,139,117,50,73,69,114
2022-07-08,118,83,167,168,128,77,100,128,150,82,69,42,148,124,137,127,158,117,43,82,50,121
2022-07-09,73,50,127,155,143,81,106,106,109,82,54,50,96,113,84,142,145,133,29,82,38,104
2022-07-10,109,100,167,155,121,69,126,117,117,64,62,50,119,129,100,158,161,108,21,105,56,113
2022-07-11,123,183,193,190,177,81,146,133,126,77,69,50,141,108,129,173,132,108,36,50,88,128
2022-07-12,141,200,133,177,164,112,151,150,122,68,69,33,152,113,120,212,100,142,79,82,75,130
2022-07-13,141,100,127,126,164,96,114,111,126,86,69,83,165,124,114,158,132,175,64,91,88,125
2022-07-14,136,133,100,135,177,96,129,100,128,118,62,42,124,84,129,185,139,142,71,73,56,122
2022-07-15,118,150,93,161,170,100,117,128,128,105,38,17,139,100,129,185,158,150,57,50,56,123
2022-07-16,86,100,93,129,143,73,103,100,130,105,46,33,126,92,110,170,165,208,50,55,62,112
2022-07-17,100,217,100,110,134,104,114,128,122,100,31,50,141,95,118,191,132,208,50,68,62,117
2022-07-18,114,100,80,103,175,96,137,144,133,118,46,58,143,103,133,206,171,158,57,73,56,127
2022-07-19,118,50,147,161,151,73,137,117,135,95,23,33,152,84,143,188,145,83,50,86,50,122
2022-07-20,118,0,127,177,147,131,129,106,135,100,69,50,156,116,143,194,177,150,43,45,31,129
2022-07-21,109,17,60,165,162,100,114,78,98,100,54,8,148,87,141,188,190,83,71,45,100,119
2022-07-22,123,67,67,168,128,69,146,78,104,118,69,67,131,121,124,173,135,75,50,45,56,114
2022-07-23,100,150,47,139,145,73,140,83,104,64,46,25,131,100,96,170,129,67,50,32,69,105
2022-07-24,86,NA,60,148,142,92,140,61,124,68,54,25,163,87,124,139,145,108,14,68,56,112
2022-07-25,95,50,40,174,121,108,140,78,135,91,62,50,169,103,124,185,177,83,50,77,69,121
2022-07-26,100,83,73,187,121,96,137,106,139,86,62,33,167,108,135,158,171,142,50,77,69,124
2022-07-27,95,67,113,152,160,100,146,78,122,91,38,50,146,142,135,164,168,67,36,55,75,122
2022-07-28,118,50,113,161,136,104,77,100,139,73,77,33,139,126,139,155,145,92,57,41,62,116
2022-07-29,114,83,127,152,145,96,83,100,133,68,69,75,120,121,131,161,NA,108,64,55,138,116
2022-07-30,100,67,53,116,170,92,74,89,120,77,38,58,98,97,120,130,148,133,36,50,81,104
2022-07-31,77,150,73,116,123,69,100,89,115,64,54,92,107,89,122,121,155,75,14,32,44,98
2022-08-01,105,117,93,135,138,115,120,100,115,68,54,100,154,92,133,136,126,92,50,23,88,113
2022-08-02,132,83,133,168,172,135,126,117,139,86,54,33,141,118,124,179,148,117,64,59,31,126
2022-08-03,100,150,147,190,179,115,106,89,115,82,92,25,133,100,127,155,174,100,43,41,81,122
2022-08-04,123,150,127,187,142,119,117,133,113,100,62,25,126,118,133,136,142,67,43,55,106,120
2022-08-05,105,200,140,177,143,92,126,100,124,105,69,42,131,108,131,130,165,100,50,73,31,119
2022-08-06,109,NA,87,171,140,81,91,83,113,73,85,50,117,108,118,155,158,100,57,32,81,110
2022-08-07,100,50,107,145,158,58,120,89,96,77,77,50,120,100,124,167,161,133,7,18,112,111
2022-08-08,73,167,80,145,168,85,123,133,111,95,85,50,148,118,114,170,177,83,43,45,69,119
2022-08-09,105,283,93,168,170,115,106,156,137,91,77,33,165,108,127,191,187,75,50,82,81,132
2022-08-10,114,50,100,165,130,115,137,128,124,100,77,17,139,124,124,179,177,125,64,86,94,125
2022-08-11,105,33,107,126,119,62,106,100,133,100,77,50,119,111,116,173,187,92,36,86,125,114
2022-08-12,132,17,73,100,168,85,117,106,133,105,85,67,102,76,116,185,190,83,50,91,62,115
2022-08-13,114,0,33,81,111,104,83,117,117,91,46,17,67,87,127,203,194,42,43,59,81,100
2022-08-14,82,83,67,113,125,92,83,111,87,127,54,17,104,87,106,176,200,117,29,50,69,103
2022-08-15,127,33,73,106,155,100,140,128,126,145,92,67,113,97,124,209,210,108,14,50,125,124
2022-08-16,118,33,127,113,164,115,134,133,130,91,77,25,120,111,125,197,216,125,71,100,75,127
2022-08-17,127,50,93,103,119,123,134,122,128,77,85,8,165,137,127,173,203,108,64,86,88,125
2022-08-18,114,133,147,142,153,77,149,128,133,118,54,58,154,134,120,179,181,125,36,64,112,129
2022-08-19,123,183,153,139,155,73,151,139,126,105,62,50,172,147,120,182,203,92,36,73,38,131
2022-08-20,123,NA,67,165,149,58,117,94,124,68,15,42,135,121,120,197,155,117,57,45,50,116
2022-08-21,127,NA,60,171,136,54,140,133,124,118,23,17,139,118,125,197,165,117,71,77,81,123
2022-08-22,105,33,113,181,179,100,114,133,143,105,54,117,161,132,127,191,123,108,71,59,106,131
2022-08-23,105,167,127,145,208,100,114,117,126,114,38,58,152,155,120,212,174,100,114,32,112,135
2022-08-24,114,133,133,126,189,108,94,117,107,73,54,108,154,150,116,203,165,158,93,36,81,128
2022-08-25,118,100,107,135,202,73,126,133,130,105,77,83,137,142,120,224,158,100,50,59,100,131
2022-08-26,127,50,120,142,155,77,120,89,130,68,54,58,130,113,116,197,155,167,57,82,88,121
2022-08-27,109,100,120,119,170,81,123,83,87,64,31,67,107,124,110,170,158,125,50,55,150,113
2022-08-28,86,67,100,123,132,112,103,122,98,73,38,67,104,132,100,158,145,50,43,27,88,104
2022-08-29,136,50,107,135,166,112,117,111,111,91,23,92,124,134,133,188,187,108,86,73,75,125
2022-08-30,127,17,113,126,149,127,137,78,135,105,38,117,130,147,131,188,152,150,50,86,144,128
2022-08-31,114,83,160,139,175,100,131,83,143,127,62,117,144,153,125,200,181,142,43,55,94,134
2022-09-01,123,33,133,110,158,92,123,94,128,105,54,133,141,163,127,209,158,125,43,73,106,128
2022-09-02,105,100,100,106,175,115,126,117,143,114,46,75,106,134,122,188,148,133,43,36,156,124
2022-09-03,95,100,60,113,142,108,143,56,143,77,69,42,107,126,118,179,139,100,57,55,125,114
2022-09-04,105,167,113,181,125,81,129,78,141,77,54,33,115,116,127,139,155,83,64,36,81,114
2022-09-05,86,217,93,155,140,62,146,117,143,91,62,50,128,124,143,152,135,58,43,23,62,117
2022-09-06,123,250,113,158,160,65,146,83,150,95,85,108,167,158,145,155,155,125,86,41,81,134
2022-09-07,164,167,93,161,202,88,143,72,165,109,54,125,165,147,145,185,165,142,114,77,100,144
2022-09-08,109,150,100,177,200,104,134,100,146,86,46,83,156,132,149,200,171,100,86,86,100,139
2022-09-09,132,133,100,100,194,115,120,122,128,86,46,83,167,150,137,215,171,75,93,82,144,136
2022-09-10,114,150,113,155,191,81,94,122,85,86,85,33,133,150,131,215,158,175,114,32,88,127
2022-09-11,118,83,80,145,189,65,106,56,128,73,54,42,135,137,120,185,197,83,79,32,75,121
2022-09-12,145,100,100,148,175,73,126,128,139,82,62,50,157,179,135,173,174,175,86,64,106,135
2022-09-13,123,50,140,116,189,108,154,100,133,77,62,42,157,158,151,191,171,175,86,77,94,137
2022-09-14,127,50,93,119,125,127,126,94,143,86,69,92,135,145,139,182,171,167,100,77,94,127
2022-09-15,141,NA,87,129,166,100,154,100,126,100,77,50,130,142,122,206,216,75,57,73,NA,128
2022-09-16,118,NA,100,123,121,119,117,72,126,123,100,33,109,105,129,188,142,75,43,95,131,117
2022-09-17,95,NA,87,132,143,88,140,78,93,55,62,42,100,105,125,142,142,142,57,82,106,109
2022-09-18,109,NA,40,145,134,92,91,111,128,45,54,58,113,108,143,155,139,67,64,32,119,109
2022-09-19,91,NA,87,148,140,104,97,83,126,95,77,117,111,111,141,164,119,100,114,86,125,118
2022-09-20,105,83,120,142,106,108,120,106,107,114,54,25,146,124,135,179,139,58,114,68,100,118
2022-09-21,118,150,93,119,145,138,126,128,128,91,77,67,156,118,137,152,145,108,86,86,100,126
2022-09-22,155,17,127,171,164,169,111,122,122,77,85,92,107,116,157,155,158,75,93,45,131,128
2022-09-23,159,0,120,123,149,135,100,117,107,86,77,58,115,124,149,170,145,117,100,95,94,122
2022-09-24,118,83,93,106,181,85,123,117,74,127,31,42,91,74,155,164,NA,100,86,41,94,109
2022-09-25,132,100,113,106,136,77,117,78,102,91,46,58,93,84,129,161,132,200,71,32,94,107
2022-09-26,114,17,100,145,166,158,114,106,113,68,62,92,120,95,153,170,155,158,79,50,169,125
2022-09-27,164,0,120,142,175,138,114,94,146,114,54,117,107,105,171,230,126,142,100,82,138,135
2022-09-28,164,17,140,155,160,154,137,106,137,64,77,33,161,108,137,206,145,158,100,100,112,136
2022-09-29,150,0,113,168,170,181,97,106,122,82,38,42,141,132,149,185,190,108,86,100,75,133
2022-09-30,141,50,127,113,155,115,129,94,120,86,62,117,133,142,135,176,165,92,57,59,156,126
2022-10-01,127,50,120,142,157,92,117,61,117,86,62,58,106,129,141,191,184,158,64,64,69,121
2022-10-02,123,100,120,135,130,135,114,72,130,77,46,75,100,103,133,185,187,125,86,59,94,119
2022-10-03,141,117,100,165,151,142,117,94,133,100,62,125,141,116,143,161,161,142,79,77,106,130
2022-10-04,150,33,87,174,172,138,131,89,143,91,77,108,148,121,122,167,181,192,79,64,94,134
2022-10-05,155,133,120,174,143,162,143,128,139,86,54,117,159,95,145,230,197,158,86,68,150,142
2022-10-06,159,133,153,155,166,146,134,128,146,95,69,67,163,95,153,197,197,133,93,41,119,140
2022-10-07,155,167,127,213,160,127,117,117,146,109,54,25,146,89,163,194,219,200,93,59,144,142
2022-10-08,150,117,127,168,143,100,109,122,107,91,54,25,141,92,165,245,145,158,36,45,119,127
2022-10-09,132,133,153,152,149,127,137,106,109,114,62,33,143,95,178,209,174,125,71,41,125,132
2022-10-10,127,100,153,165,111,162,137,111,98,68,46,58,141,105,149,218,158,150,57,27,112,125
2022-10-11,150,100,173,171,126,185,146,128,143,109,85,133,130,134,151,224,152,233,29,73,125,142
2022-10-12,159,67,180,187,158,173,143,133,146,100,77,108,154,121,165,224,200,192,57,91,194,153
2022-10-13,182,33,160,174,160,169,137,128,113,132,100,83,141,147,167,239,184,175,79,95,112,149
2022-10-14,150,117,167,152,196,165,126,106,128,105,100,42,122,132,180,230,206,125,50,91,150,147
2022-10-15,127,183,140,184,134,142,129,83,113,86,54,58,113,134,147,209,177,100,64,45,100,128
2022-10-16,114,217,113,142,151,146,89,78,113,73,62,83,146,124,133,206,158,117,86,27,88,124
2022-10-17,159,217,180,129,172,142,120,100,111,73,69,50,169,126,151,212,168,133,50,64,150,138
2022-10-18,141,133,167,135,134,169,NA,139,152,95,69,50,148,150,151,233,148,158,79,64,119,141
2022-10-19,109,83,107,148,185,127,143,156,126,91,69,100,165,111,178,209,148,150,79,50,156,141
2022-10-20,136,0,113,177,136,131,146,78,130,82,77,83,144,100,157,170,158,142,86,68,138,129
2022-10-21,155,33,133,145,145,146,120,89,139,82,85,83,122,124,161,197,177,142,100,73,119,133
2022-10-22,150,33,80,142,174,85,126,117,102,68,62,75,109,116,155,185,168,133,50,41,125,122
2022-10-23,109,33,93,145,138,115,123,100,96,82,92,100,113,118,147,194,184,142,50,32,100,120
2022-10-24,123,100,140,145,121,108,117,67,120,73,77,150,131,103,149,197,152,142,107,55,125,124
2022-10-25,141,183,100,165,160,135,111,106,143,114,46,92,156,137,167,224,158,100,43,68,138,139
2022-10-26,118,200,173,158,162,154,120,122,143,77,38,108,144,121,151,200,155,225,50,45,150,138
2022-10-27,127,133,160,174,175,119,120,128,124,50,38,75,120,134,127,188,165,175,100,36,131,130
2022-10-28,136,117,113,132,130,135,123,72,135,68,54,67,157,126,145,158,129,167,50,41,162,124
2022-10-29,132,33,107,116,170,162,109,78,109,82,46,75,85,116,116,145,132,133,64,64,125,114
2022-10-30,136,83,120,94,125,119,123,78,120,77,46,92,106,124,137,139,152,150,100,45,119,115
2022-10-31,155,133,120,148,181,158,146,72,141,64,54,108,131,124,155,142,126,150,71,91,144,133
2022-11-01,164,133,133,142,196,169,129,83,148,114,38,142,119,129,157,152,119,192,100,64,NA,138
2022-11-02,164,133,73,158,142,142,146,100,96,77,46,158,137,126,139,145,135,208,64,68,125,127
2022-11-03,141,200,100,152,140,123,134,33,137,68,69,108,122,116,139,121,158,233,86,59,119,124
2022-11-04,141,183,107,126,170,123,123,111,102,86,54,117,106,116,175,124,165,200,107,91,112,128
2022-11-05,159,200,100,148,170,115,120,83,124,105,77,67,96,121,127,124,171,150,50,27,69,120
2022-11-06,136,183,87,155,136,104,126,94,135,86,77,75,93,118,145,148,177,183,57,23,94,120
2022-11-07,145,217,107,181,160,96,140,100,139,82,62,58,93,118,153,164,161,192,100,45,100,128
2022-11-08,145,117,87,168,177,119,120,144,137,86,85,117,117,113,161,161,187,167,71,27,106,133
2022-11-09,145,0,100,190,132,146,114,106,117,82,69,83,126,118,145,185,152,125,93,77,156,128
2022-11-10,155,67,73,194,170,112,111,111,111,109,62,133,102,118,157,179,168,150,79,45,119,129
2022-11-11,145,50,67,126,145,112,123,89,113,82,38,100,89,68,163,188,161,200,50,50,119,117
2022-11-12,123,183,60,148,158,100,123,117,102,91,46,108,98,71,122,170,177,133,43,55,119,116
2022-11-13,100,267,120,148,113,92,131,67,80,73,38,108,119,87,141,173,152,183,79,50,144,115
2022-11-14,114,167,120,165,140,96,117,111,102,50,54,83,120,92,129,170,168,108,43,45,88,115
2022-11-15,100,200,127,168,174,108,117,111,120,105,54,67,122,92,155,152,113,158,71,59,125,124
2022-11-16,150,217,133,171,194,123,117,117,135,95,77,108,130,97,133,161,129,125,21,36,69,128
2022-11-17,164,167,133,142,164,100,117,100,93,95,85,108,157,95,139,191,161,117,64,55,100,127
2022-11-18,164,217,167,152,155,131,117,100,135,86,38,100,148,87,141,130,158,150,36,45,44,125
2022-11-19,150,167,147,139,125,92,111,94,102,91,23,50,122,105,122,185,135,150,64,32,94,114
2022-11-20,141,200,120,145,140,62,71,128,111,73,46,58,120,76,122,179,135,183,71,36,81,111
2022-11-21,141,133,113,174,157,65,111,111,122,91,38,58,122,74,133,179,129,150,36,41,NA,117
2022-11-22,155,167,113,197,157,123,149,122,139,64,38,42,157,113,149,194,148,108,50,41,119,134
2022-11-23,177,100,120,181,189,96,129,156,128,82,77,58,148,100,165,167,145,108,57,50,100,128
2022-11-24,118,100,107,177,166,92,146,89,96,82,62,108,148,105,131,164,145,167,57,36,88,123
2022-11-25,105,167,113,145,158,127,140,128,83,77,62,117,150,82,133,200,165,92,57,27,119,123
2022-11-26,132,150,147,168,166,112,126,117,104,86,69,67,131,95,139,200,174,150,57,36,106,128
2022-11-27,86,150,120,184,162,169,163,117,102,100,54,75,133,68,153,133,135,208,57,55,119,127
2022-11-28,155,250,133,168,181,162,151,94,109,86,85,92,148,108,149,145,116,225,50,45,150,135
2022-11-29,150,117,93,171,158,123,149,117,126,64,69,100,167,134,157,167,155,167,71,68,75,135
2022-11-30,145,67,127,158,172,162,137,106,111,77,77,75,148,155,165,167,129,100,64,50,50,131
2022-12-01,168,17,93,158,198,123,120,139,124,109,85,50,152,150,157,197,142,167,50,64,106,138
2022-12-02,155,17,133,197,185,158,123,89,117,95,62,75,148,108,169,185,161,117,71,50,144,132
2022-12-03,127,200,100,168,145,104,126,100,117,91,31,25,117,100,135,167,148,92,64,59,88,118
2022-12-04,132,167,107,177,140,108,140,89,126,77,54,42,137,108,155,152,165,83,43,55,81,123
2022-12-05,114,117,127,223,145,138,126,106,139,109,69,75,120,111,161,148,148,83,36,41,56,126
2022-12-06,145,150,107,184,166,181,146,122,152,73,46,25,126,132,163,200,126,200,36,68,131,138
2022-12-07,168,200,120,184,181,173,131,89,126,91,92,42,139,134,169,200,142,150,71,68,88,141
2022-12-08,132,167,193,145,187,119,137,133,96,NA,69,125,144,124,171,209,171,92,107,64,119,142
2022-12-09,159,117,80,148,175,169,137,150,124,95,85,100,128,118,169,215,165,183,93,82,100,141
2022-12-10,105,117,93,123,147,162,143,117,117,68,54,58,120,124,133,209,145,142,64,32,50,121
2022-12-11,132,100,100,171,138,165,131,133,126,77,85,42,130,121,147,182,139,125,79,45,81,127
2022-12-12,95,83,120,177,140,181,146,106,107,82,46,50,120,145,137,179,148,92,100,59,NA,127
2022-12-13,127,150,153,194,168,165,129,128,135,73,38,33,135,150,145,218,129,108,86,64,125,137
2022-12-14,136,100,173,206,155,135,157,106,126,86,85,17,157,142,151,197,168,133,57,73,56,138
2022-12-15,123,250,173,165,149,96,109,128,107,86,77,67,139,134,165,236,155,50,36,82,50,130
2022-12-16,150,183,140,168,174,119,140,122,126,77,85,50,109,139,163,176,161,92,64,91,38,132
2022-12-17,100,217,100,152,145,112,126,144,111,91,54,33,119,116,151,206,148,100,57,50,50,122
2022-12-18,132,183,73,152,172,115,140,117,126,50,69,33,106,121,135,182,174,83,57,45,88,123
2022-12-19,118,167,113,181,162,146,137,122,135,105,77,117,107,116,139,185,152,125,43,55,38,128
2022-12-20,159,167,127,177,191,162,123,117,137,55,77,83,115,108,151,209,181,100,79,77,81,137
2022-12-21,141,150,153,194,168,92,126,128,130,91,77,50,135,129,122,188,158,58,57,73,38,128
2022-12-22,118,133,140,152,147,162,103,94,115,100,23,42,111,121,139,191,161,92,107,55,62,122
2022-12-23,132,83,127,145,158,142,106,106,102,95,46,33,100,89,127,188,116,42,79,45,69,112
2022-12-24,132,67,120,129,140,96,100,28,74,64,46,25,96,84,112,191,84,50,86,45,62,97
2022-12-25,86,83,107,103,109,108,86,61,70,55,38,42,76,84,82,148,90,58,64,36,44,84
2022-12-26,95,50,133,126,121,146,126,72,93,45,38,33,93,87,124,164,97,50,29,45,62,99
2022-12-27,145,100,93,123,123,181,114,83,120,64,54,42,93,134,137,206,139,150,29,36,19,115
2022-12-28,145,83,133,174,192,150,123,128,126,68,46,75,91,137,135,191,123,133,43,59,50,126
2022-12-29,132,133,120,171,162,146,117,94,87,82,46,25,96,134,133,212,135,58,71,59,62,119
2022-12-30,105,50,93,145,181,158,131,133,72,68,54,25,107,126,139,188,139,100,57,27,NA,119
2022-12-31,123,133,47,152,143,112,100,133,93,82,62,42,119,113,125,164,145,25,36,36,56,109
2023-01-01,95,183,100,158,155,104,97,106,107,105,69,42,98,134,131,148,148,33,43,9,94,112
2023-01-02,136,183,147,126,136,138,111,128,100,68,54,42,126,150,131,167,155,67,64,36,94,119
2023-01-03,155,133,120,203,168,181,143,122,93,100,77,75,152,153,133,145,165,75,79,68,94,135
2023-01-03,136,0,87,171,204,154,97,122,135,50,77,75,139,137,145,236,158,108,64,50,94,135
2023-01-05,168,67,87,171,170,135,143,117,126,100,77,33,152,132,127,236,165,83,86,68,69,135
2023-01-06,155,83,113,148,155,96,103,100,115,118,62,50,148,150,145,230,174,83,107,45,75,131
2023-01-07,141,50,140,181,153,108,91,150,122,68,77,42,115,158,133,200,152,58,64,41,69,124
2023-01-08,159,133,73,197,108,88,126,122,126,91,69,67,120,129,137,206,148,108,36,82,56,123
2023-01-09,145,217,93,184,147,85,137,117,143,95,62,83,109,142,129,188,165,67,57,64,50,124
2023-01-10,150,183,127,187,153,158,140,139,137,86,54,100,131,184,114,194,177,67,29,68,75,136
2023-01-11,136,150,133,190,158,142,126,150,111,100,54,75,117,137,106,203,135,58,64,64,56,126
2023-01-12,127,150,167,171,170,119,114,128,128,109,46,58,98,126,133,197,165,100,64,59,44,126
2023-01-13,132,67,120,165,168,108,129,122,113,91,85,67,85,100,133,203,139,117,79,64,25,120
2023-01-14,132,117,67,174,145,81,120,128,104,68,46,50,89,95,141,191,161,50,64,41,50,112
2023-01-15,114,167,67,145,140,85,106,139,115,105,38,50,102,95,135,173,165,92,43,55,69,113
2023-01-16,123,133,60,152,170,115,134,122,130,114,62,17,128,121,125,179,139,117,86,50,69,124
2023-01-17,127,133,140,174,125,138,114,144,128,132,54,50,117,132,120,188,123,183,64,64,81,125
2023-01-18,141,83,93,184,138,112,149,150,126,82,77,17,131,137,129,176,158,108,86,77,62,127
2023-01-19,173,83,113,177,168,85,140,150,137,105,62,25,NA,105,137,182,110,125,57,64,69,126
2023-01-20,168,117,147,181,158,115,109,111,137,123,69,67,83,121,135,203,100,75,36,68,75,123
2023-01-21,150,183,113,145,149,81,109,117,113,82,46,25,43,118,127,158,119,58,57,73,94,107
2023-01-22,132,167,67,165,134,112,111,100,137,114,69,50,59,100,112,152,135,83,57,55,88,109
2023-01-23,118,250,93,161,130,150,134,100,124,114,85,50,59,103,125,158,132,167,71,59,NA,117
2023-01-24,145,150,120,132,158,119,131,78,137,82,77,92,94,113,122,155,116,175,79,86,162,122
2023-01-25,150,133,120,155,177,104,146,83,152,68,69,83,109,108,122,188,97,167,79,59,69,124
2023-01-26,150,150,80,145,134,142,109,83,137,95,62,67,85,113,100,176,126,67,57,73,50,112
2023-01-27,145,200,107,132,115,115,103,100,91,123,77,58,74,126,131,197,132,117,93,64,62,113
2023-01-28,145,183,113,171,102,112,94,133,104,82,100,25,85,111,124,197,165,183,43,73,44,115
2023-01-29,109,67,113,161,92,104,109,111,89,105,85,58,80,87,116,209,177,117,29,36,62,106
2023-01-30,105,133,140,187,130,127,126,111,83,64,100,100,87,113,112,188,155,100,50,55,38,114
2023-01-31,136,167,160,181,134,119,131,83,93,100,123,67,80,139,135,179,142,108,57,55,69,120
2023-02-01,136,200,113,181,149,104,117,89,113,118,77,67,94,113,131,191,116,117,36,68,75,119
2023-02-02,159,200,107,181,151,131,120,89,93,100,38,42,111,118,118,215,110,117,29,59,75,119
2023-02-03,123,117,160,148,166,92,111,83,72,82,62,75,109,132,118,203,116,100,57,59,106,116
2023-02-04,91,117,93,168,117,104,131,67,91,100,77,67,100,121,124,164,139,75,29,55,69,108
2023-02-05,109,133,73,171,125,108,137,94,102,68,69,83,111,113,145,152,94,75,14,32,106,110
2023-02-06,132,233,73,148,157,162,160,128,122,132,46,100,122,105,139,179,103,117,43,50,106,127
2023-02-07,118,117,113,181,191,158,157,94,96,127,85,83,119,103,125,200,129,75,43,59,94,128
2023-02-08,127,167,107,161,157,185,160,106,102,86,62,100,109,105,143,221,123,133,64,64,125,129
2023-02-09,168,183,153,174,140,154,149,111,100,95,77,100,117,95,153,224,139,117,64,45,125,131
2023-02-10,141,50,173,174,155,173,126,106,124,150,100,125,102,108,143,206,129,158,50,59,62,131
2023-02-11,109,100,120,158,162,112,117,128,100,150,62,83,109,108,124,188,126,158,57,64,88,121
2023-02-12,109,83,127,158,170,100,129,106,115,109,54,108,113,113,131,200,161,83,29,36,100,123
2023-02-13,109,150,140,174,172,112,126,111,113,109,69,142,93,116,143,179,168,50,86,50,100,126
2023-02-14,145,100,153,190,187,112,151,122,124,109,77,83,128,132,145,170,152,100,50,64,112,135
2023-02-15,136,133,160,158,170,154,151,111,104,118,69,50,124,134,151,161,152,133,43,59,94,131
2023-02-16,168,183,187,200,153,165,109,122,126,73,62,58,133,134,131,215,106,75,29,59,75,130
2023-02-17,145,217,140,187,162,138,131,106,100,95,38,75,100,100,112,212,139,75,14,82,112,123
2023-02-18,123,50,100,148,136,142,126,83,74,86,38,83,85,82,122,179,145,75,21,64,69,106
2023-02-19,127,133,167,145,NA,146,131,128,89,73,46,75,100,79,110,158,129,117,0,18,75,106
2023-02-20,132,167,120,177,202,131,154,133,109,77,69,83,94,71,127,182,135,100,7,59,100,124
2023-02-21,136,117,173,184,208,123,117,100,126,95,46,33,100,116,125,179,145,67,0,68,125,126
2023-02-22,127,150,147,200,209,162,134,100,104,132,69,25,107,103,143,176,132,150,0,59,100,131
2023-02-23,118,117,140,200,189,108,114,139,124,114,85,50,93,92,135,191,142,117,0,77,125,126
2023-02-24,145,83,120,174,158,96,111,106,98,86,54,42,102,111,135,215,148,125,0,50,38,117
2023-02-25,105,50,87,145,138,85,91,83,107,82,38,33,72,74,127,221,126,108,0,32,56,101
2023-02-26,100,50,133,158,157,88,120,106,98,95,77,67,87,61,104,182,119,167,14,59,75,107
2023-02-27,109,67,147,190,177,81,106,128,111,68,77,83,102,68,108,191,129,142,7,27,31,112
2023-02-28,132,50,120,181,198,77,83,83,115,109,85,50,102,66,120,176,113,83,21,59,112,114
2023-03-01,127,17,67,174,172,69,111,111,102,114,62,58,96,71,110,179,84,67,7,50,56,105
2023-03-02,114,33,113,187,174,77,114,106,91,105,69,75,117,82,122,164,126,117,0,50,31,111
2023-03-03,118,50,100,190,168,108,160,139,91,95,77,58,111,105,133,161,123,75,14,45,100,119
2023-03-04,123,0,133,171,140,108,123,100,80,123,54,33,80,79,122,170,148,42,7,32,62,105
2023-03-05,127,100,120,200,151,85,131,106,91,100,77,58,72,100,124,133,145,42,14,32,44,107
2023-03-06,91,117,153,184,200,73,123,128,130,109,100,83,96,100,135,152,126,100,14,27,69,120
2023-03-07,109,67,153,200,172,100,154,139,120,91,46,108,113,126,125,152,152,58,14,68,100,125
2023-03-08,123,83,113,168,160,88,137,89,122,105,69,83,148,111,125,164,145,75,14,68,81,122
2023-03-09,145,67,147,142,181,92,149,89,137,123,54,92,104,111,143,158,129,50,7,95,NA,124
2023-03-10,114,50,93,129,206,85,137,111,NA,105,NA,58,111,82,120,155,161,100,14,55,94,118
2023-03-11,123,50,73,158,168,58,106,100,115,73,62,50,93,63,116,136,161,100,14,32,69,104
2023-03-12,132,83,87,148,136,81,120,89,135,105,38,42,94,79,120,179,145,108,0,32,94,109
2023-03-13,141,133,100,161,179,92,111,106,150,95,69,92,106,71,127,200,145,125,29,45,119,123
2023-03-14,182,150,107,168,NA,115,111,106,133,95,38,42,120,89,135,182,190,125,43,77,94,123
2023-03-15,136,133,100,177,179,100,123,122,130,105,54,17,111,105,127,185,152,208,43,77,NA,128
2023-03-16,164,183,100,174,157,115,140,89,146,105,62,25,152,100,145,185,152,158,21,68,138,133
2023-03-17,155,150,113,168,142,108,129,100,130,100,77,50,113,100,135,179,142,92,29,55,125,122
2023-03-18,145,150,140,168,142,50,94,67,NA,73,NA,67,106,92,122,158,100,142,0,45,NA,108
2023-03-19,109,217,120,168,NA,88,126,72,137,77,38,92,113,84,116,139,100,142,7,45,NA,108
2023-03-20,136,217,147,190,185,77,146,89,NA,105,NA,67,115,79,137,148,142,117,29,82,112,127
2023-03-21,155,100,147,165,153,115,154,117,148,109,62,33,131,108,151,176,158,192,50,68,112,134
2023-03-22,150,150,167,158,147,108,146,128,126,109,38,108,NA,103,147,173,155,150,21,91,125,131
2023-03-23,132,183,133,187,143,104,109,111,133,91,62,125,119,97,141,188,165,167,0,73,75,126
2023-03-24,168,150,113,NA,185,96,100,94,122,86,46,100,131,66,122,200,161,158,14,68,62,121
2023-03-25,136,150,87,142,160,92,100,89,96,77,46,67,89,63,106,170,132,117,29,32,81,104
2023-03-26,114,217,73,139,158,88,103,106,111,100,46,67,119,58,NA,176,129,33,0,50,69,106
2023-03-27,105,167,120,126,166,81,123,150,NA,77,NA,108,126,50,129,194,132,108,7,55,NA,118
2023-03-28,136,133,113,152,168,119,114,128,135,109,46,83,135,79,145,197,139,125,29,50,75,125
2023-03-29,136,133,167,132,NA,158,126,83,102,64,62,42,133,79,141,188,155,NA,36,77,NA,119
2023-03-30,127,117,133,100,206,173,140,106,98,77,46,42,133,76,145,161,158,92,14,86,NA,125
2023-03-31,145,117,133,148,140,135,126,128,115,95,69,50,98,79,143,124,155,125,14,64,162,118
2023-04-01,114,67,147,129,151,100,117,50,96,82,67,25,67,82,NA,158,161,125,14,73,94,104
2023-04-02,141,100,100,165,123,85,140,89,130,86,111,17,89,89,122,176,148,117,21,64,69,112
2023-04-03,105,150,113,148,175,115,140,56,135,105,67,50,106,87,137,200,165,133,21,68,100,124
2023-04-04,127,0,107,177,219,NA,143,128,130,82,78,25,124,111,149,188,148,142,14,36,169,134
2023-04-05,155,67,113,161,NA,119,100,89,NA,86,NA,33,113,95,145,200,145,100,14,73,100,117
2023-04-06,145,33,120,184,157,150,129,122,124,82,122,33,131,84,139,212,158,100,29,32,138,128
2023-04-07,132,100,140,177,202,162,103,100,126,73,100,50,89,103,143,215,142,NA,14,50,119,128
2023-04-08,145,83,127,168,194,146,NA,72,NA,91,NA,58,76,92,133,182,126,92,36,55,62,120
2023-04-09,145,150,160,168,142,158,114,117,122,91,100,17,NA,103,129,188,155,125,7,55,94,125
2023-04-10,155,117,180,168,211,123,120,111,124,114,100,25,102,105,135,158,171,83,36,32,88,128
2023-04-11,155,133,173,197,NA,188,123,111,128,109,100,67,111,134,141,188,187,100,7,45,50,132
2023-04-12,159,133,200,190,189,NA,126,139,141,82,100,42,NA,132,145,200,181,133,7,82,88,143
2023-04-13,164,167,153,194,208,169,146,122,148,105,78,67,128,126,143,203,174,133,14,91,144,147
2023-04-14,168,150,187,216,NA,192,126,128,135,100,89,83,111,121,147,191,168,92,43,50,69,135
2023-04-15,159,133,187,181,170,154,94,111,102,105,100,67,106,118,147,161,161,125,21,64,NA,129
2023-04-16,118,150,113,194,183,104,131,94,111,77,67,92,120,121,127,203,132,142,7,36,NA,126
2023-04-17,150,200,160,197,209,123,137,56,130,95,122,42,133,NA,125,209,119,100,21,86,106,137
2023-04-18,177,100,147,181,NA,127,149,100,141,86,100,67,128,147,157,227,168,167,57,59,106,140
2023-04-19,141,133,167,187,191,150,123,111,128,95,100,83,128,150,137,239,190,92,21,91,119,143
2023-04-20,123,133,153,216,213,85,103,122,126,59,100,108,128,139,139,200,152,150,7,68,81,135
2023-04-21,127,0,93,NA,226,135,123,94,100,100,33,50,104,105,149,206,148,167,43,36,88,125
2023-04-22,118,50,93,168,223,108,86,67,117,86,56,33,113,116,135,209,197,100,29,64,62,125
2023-04-23,118,17,160,152,192,135,114,72,130,86,56,58,100,118,90,200,142,150,29,64,131,122
2023-04-24,114,50,153,168,215,138,120,78,120,73,89,75,NA,111,108,200,161,125,50,77,75,129
2023-04-25,136,100,120,168,NA,104,120,89,NA,73,NA,42,117,97,NA,203,165,208,7,95,NA,122
2023-04-26,132,117,133,165,189,138,129,106,139,95,122,42,117,NA,131,176,168,133,21,64,NA,133
2023-04-27,118,50,140,158,181,146,134,100,113,91,100,50,113,153,133,182,148,117,14,64,112,128
2023-04-28,123,133,133,NA,192,185,NA,111,124,82,111,58,120,142,127,152,171,100,43,59,38,128
2023-04-29,118,83,120,184,170,165,117,61,NA,100,NA,67,104,121,133,145,129,158,21,36,94,122
2023-04-30,114,150,140,194,166,96,143,117,126,73,100,67,80,147,122,142,152,83,14,41,NA,121
2023-05-01,127,233,147,NA,189,123,149,78,146,41,122,58,107,147,125,158,123,117,36,41,100,125
2023-05-02,127,133,153,171,215,135,149,56,135,41,89,83,130,132,147,209,123,83,21,55,69,133
2023-05-03,105,150,153,171,192,100,151,78,117,64,67,83,131,134,153,194,113,100,14,50,112,129
2023-05-04,118,233,160,168,160,96,149,111,117,NA,111,58,115,95,133,170,155,133,7,59,100,126
2023-05-05,95,267,180,155,192,127,140,94,NA,59,NA,50,96,111,155,170,168,67,21,41,119,128
2023-05-06,118,250,133,139,153,NA,126,94,111,73,56,58,69,79,129,188,158,125,43,41,88,114
2023-05-07,100,200,133,132,158,88,146,89,122,64,56,33,74,79,129,218,155,25,14,23,131,112
2023-05-08,141,200,140,165,187,123,160,94,137,95,100,33,NA,92,118,212,148,100,21,50,NA,132
2023-05-09,118,250,120,142,191,158,174,122,154,NA,44,50,87,118,143,200,155,50,7,64,69,132
2023-05-11,168,167,107,139,198,119,137,128,109,77,78,58,94,118,151,148,181,108,36,118,106,130
2023-05-12,164,100,147,145,181,138,146,100,146,95,67,50,83,111,139,158,145,100,0,105,100,127
2023-05-13,123,217,120,110,164,119,114,83,115,77,89,50,85,95,102,NA,152,183,14,32,119,109
2023-05-14,91,200,153,132,153,104,106,78,122,68,89,42,67,105,108,127,148,117,14,64,112,107
2023-05-15,118,233,113,132,170,77,NA,78,137,59,111,58,76,95,135,130,145,100,29,55,131,113
2023-05-16,145,183,167,126,NA,115,131,83,143,105,78,67,87,NA,147,167,165,125,21,64,106,122
2023-05-17,136,167,147,113,157,135,126,83,148,64,111,67,113,129,143,158,161,58,21,82,100,124
2023-05-18,141,200,107,132,172,127,126,67,152,95,122,25,91,84,118,173,177,133,21,64,88,121
2023-05-19,155,233,107,123,132,96,114,139,122,77,133,83,72,89,139,176,171,192,36,68,62,117
2023-05-23,127,250,180,123,NA,81,97,117,113,68,89,50,131,82,143,194,126,50,29,59,119,114
2023-05-24,141,150,153,135,172,146,100,94,NA,82,NA,25,113,108,122,197,158,117,29,73,88,124
2023-05-25,141,133,153,132,NA,115,117,89,126,105,89,17,NA,105,153,158,174,108,36,64,81,120
2023-05-26,127,133,140,116,158,115,117,133,96,77,100,75,94,132,147,191,148,100,21,55,94,120
2023-05-27,123,100,160,148,142,119,111,89,126,64,89,33,85,129,127,152,142,75,36,32,62,112
2023-05-28,91,133,113,123,153,165,100,56,117,82,89,58,87,121,127,148,174,133,21,27,25,111
2023-05-29,118,100,147,113,198,123,126,72,133,123,89,67,106,132,122,148,181,NA,29,41,88,124
2023-05-30,141,150,113,132,192,100,109,117,152,91,89,58,107,129,141,170,200,192,21,86,81,132
2023-05-31,132,133,133,129,170,92,123,83,130,100,111,33,91,103,147,191,171,175,36,86,94,124
2023-06-01,136,200,107,148,168,77,143,94,122,123,122,42,106,121,141,194,132,175,43,59,88,126
2023-06-02,123,100,160,110,213,81,160,100,135,105,111,42,NA,111,149,215,145,133,7,82,81,133
2023-06-03,NA,133,67,119,NA,NA,123,NA,109,77,78,33,89,105,159,164,158,167,0,41,69,109
2023-06-04,109,250,53,123,187,169,129,111,100,86,56,100,61,84,122,158,126,92,14,45,100,112
2023-06-05,86,267,73,132,NA,169,111,111,115,50,122,50,104,108,106,152,142,67,7,36,44,105
2023-06-06,100,117,93,129,170,135,120,106,120,86,122,100,NA,121,133,179,148,133,21,41,100,123
2023-06-07,77,150,100,135,NA,138,137,106,113,73,133,50,128,113,129,185,152,117,29,86,NA,120
2023-06-08,100,183,107,135,NA,100,129,89,135,100,133,42,113,116,137,200,165,125,29,86,119,122
2023-06-09,118,167,127,126,191,131,134,89,143,86,133,50,96,121,131,173,174,117,7,64,100,127
2023-06-10,100,133,140,106,134,77,117,83,117,68,100,50,80,124,120,194,165,100,14,55,56,109
2023-06-11,118,117,147,97,140,100,137,50,135,NA,100,75,72,132,110,173,194,NA,0,50,NA,115
2023-06-12,127,133,127,116,185,115,126,61,154,105,122,100,NA,145,135,167,203,83,29,55,106,132
2023-06-13,123,167,147,126,196,131,91,83,148,77,89,75,104,163,124,170,145,42,36,82,62,125
2023-06-14,145,NA,167,142,NA,158,126,122,122,100,89,67,102,124,131,191,123,92,14,45,100,121
2023-06-15,132,NA,113,152,158,127,103,78,137,86,78,83,81,113,110,209,135,100,21,73,NA,118
2023-06-16,100,133,120,152,191,123,120,94,139,68,111,50,98,97,106,194,132,100,7,82,88,119
2023-06-17,86,117,93,132,223,142,120,94,102,91,78,67,87,84,116,167,155,175,7,23,69,116
2023-06-18,95,167,87,129,NA,92,114,83,107,77,111,42,100,113,127,NA,126,158,0,36,56,100
2023-06-19,86,233,120,155,191,100,103,78,130,NA,111,100,111,108,NA,133,148,67,21,27,94,118
2023-06-20,114,133,73,142,223,146,106,111,143,NA,100,92,93,132,104,133,142,83,43,55,88,123
2023-06-21,118,33,100,148,NA,154,103,78,115,95,111,50,126,142,122,185,119,83,29,86,NA,118
2023-06-22,77,50,80,132,189,138,157,94,NA,73,NA,83,104,124,125,188,148,167,14,45,56,122
2023-06-23,141,50,87,174,155,154,103,56,78,73,100,25,87,NA,131,182,139,58,7,86,NA,113
2023-06-24,77,83,87,158,181,119,91,67,78,95,111,58,93,118,96,158,181,42,7,18,88,107
2023-06-25,77,117,60,174,149,112,106,83,109,91,144,58,89,97,108,133,174,83,7,64,69,108
2023-06-26,114,100,80,177,183,119,103,78,113,109,133,67,107,111,122,161,165,42,21,68,81,119
2023-06-27,118,217,133,152,189,142,151,50,NA,55,NA,50,135,111,118,182,181,83,21,82,69,128
2023-06-28,159,133,113,NA,183,142,123,NA,113,127,78,33,104,105,NA,158,155,67,NA,77,75,124
2023-06-29,132,133,73,155,174,96,126,67,124,77,67,50,NA,129,133,194,116,83,36,77,88,121
2023-06-30,100,50,73,139,162,135,131,78,NA,100,NA,50,98,118,139,191,123,58,21,36,NA,116
2023-07-01,68,83,73,132,142,100,134,67,111,86,78,17,NA,129,116,145,123,100,21,18,75,105
2023-07-02,91,133,80,110,NA,81,117,78,98,55,56,33,122,132,112,161,139,100,29,45,100,103
2023-07-03,159,200,93,113,191,154,143,78,111,73,67,17,141,132,125,161,139,58,50,68,119,125
2023-07-04,136,100,113,152,230,150,140,106,137,68,78,25,124,142,141,209,NA,75,21,77,81,135
2023-07-05,145,67,93,145,240,123,120,67,NA,NA,NA,42,120,158,124,NA,145,100,50,55,44,128
2023-07-06,132,50,120,171,174,123,146,106,NA,NA,NA,83,111,150,133,167,165,75,57,73,94,132
2023-07-07,132,200,120,135,NA,142,134,56,NA,91,NA,75,98,116,135,188,135,92,86,68,88,119
2023-07-08,123,133,93,145,158,123,109,83,104,50,67,42,91,100,106,170,123,133,36,45,94,108
2023-07-09,64,183,87,119,151,165,123,61,NA,77,NA,42,96,97,120,164,152,133,29,50,69,111
2023-07-10,114,183,53,139,NA,188,123,117,139,73,100,17,104,113,141,158,145,142,64,41,75,118
2023-07-11,136,200,107,165,143,146,123,72,157,77,89,67,109,134,133,161,171,100,50,36,NA,126
2023-07-12,155,117,87,152,149,158,100,83,NA,91,NA,42,117,121,125,152,181,108,57,36,69,120
2023-07-13,82,167,127,165,187,NA,140,89,NA,64,NA,17,113,126,129,164,165,150,57,45,100,126
2023-07-14,141,183,87,152,153,NA,126,117,143,68,56,50,109,124,122,197,145,133,57,45,56,122
2023-07-15,123,100,73,113,142,112,114,100,133,91,56,58,80,103,122,179,145,133,14,32,94,110
2023-07-16,86,183,73,NA,117,119,109,78,133,95,78,50,109,95,129,170,148,75,14,36,112,109
2023-07-17,100,167,87,126,147,154,103,83,139,55,111,83,NA,103,149,161,174,100,43,32,106,120
2023-07-18,118,150,120,142,174,165,114,117,154,68,100,25,113,95,125,185,174,83,21,55,50,124
2023-07-19,132,83,100,123,170,188,129,139,128,105,78,42,111,116,131,197,165,150,21,55,94,128
2023-07-20,123,150,93,158,NA,131,109,117,98,100,44,8,NA,84,129,155,174,83,43,64,88,111
2023-07-21,141,83,100,148,185,150,117,111,NA,77,NA,8,102,84,122,164,187,125,29,68,44,120
2023-07-22,132,83,120,135,134,127,129,56,96,36,111,42,93,79,96,139,161,25,14,41,62,101
2023-07-23,109,67,80,139,142,96,131,89,107,68,122,42,107,55,106,NA,181,92,36,36,62,103
2023-07-24,118,150,80,174,140,85,117,89,115,59,133,33,104,68,120,139,197,150,7,45,106,112
2023-07-25,114,233,93,174,172,108,134,111,115,73,78,42,111,87,122,167,171,125,21,64,81,120
2023-07-26,109,133,140,152,157,92,123,106,NA,95,NA,50,94,68,129,152,174,92,21,105,112,117
2023-07-27,114,217,107,152,130,135,131,89,115,55,89,83,96,82,129,161,184,108,36,64,62,115
2023-07-28,127,217,133,148,130,115,126,117,120,68,56,83,83,87,149,158,142,83,43,59,100,115
2023-07-29,109,83,80,100,130,81,97,94,100,77,22,8,74,82,133,179,145,50,43,59,88,99
2023-07-30,77,17,87,94,130,81,134,100,96,86,44,50,78,79,110,164,135,NA,43,32,38,96
2023-07-31,91,100,100,94,149,73,123,61,122,91,56,100,81,74,120,176,135,92,43,32,69,103
2023-08-01,86,83,93,110,149,123,134,89,NA,86,NA,25,87,92,114,179,171,42,43,68,100,110
2023-08-02,127,117,147,148,143,69,120,106,113,114,100,25,96,97,100,170,152,58,21,91,94,112
2023-08-03,150,233,60,126,NA,127,117,117,111,59,67,33,96,87,106,161,168,108,21,64,88,108
2023-08-04,86,217,93,110,NA,119,160,111,122,105,78,8,107,84,106,170,NA,100,14,45,62,105
2023-08-05,86,133,67,87,NA,92,129,61,124,77,89,33,72,74,96,179,103,58,36,18,31,89
2023-08-06,73,150,53,106,NA,88,151,83,128,95,89,33,56,87,94,158,126,67,7,36,44,93
2023-08-07,100,183,67,129,175,92,149,56,143,95,89,0,74,82,112,155,123,75,21,64,44,107
2023-08-08,118,233,133,190,175,131,151,94,122,105,111,0,111,71,127,142,116,92,50,59,75,121
2023-08-09,105,283,107,190,175,92,114,72,NA,100,NA,33,107,87,127,188,145,25,64,82,56,120
2023-08-10,105,150,93,168,NA,127,137,100,126,91,78,8,120,95,129,197,148,83,29,77,69,118
2023-08-11,95,167,140,184,NA,92,134,117,143,100,89,8,113,95,147,185,158,50,36,59,119,121
2023-08-12,150,217,127,155,NA,112,129,61,107,127,56,17,70,66,110,155,155,25,43,64,75,104
2023-08-13,136,183,133,135,NA,100,140,83,139,105,44,33,96,66,118,145,129,NA,43,55,94,109
2023-08-14,150,217,93,165,NA,112,151,117,150,86,111,67,107,84,118,167,161,92,50,64,69,120
2023-08-15,159,67,67,177,275,115,151,106,143,105,89,83,102,79,145,200,203,167,14,59,38,139
2023-08-16,136,133,120,184,NA,108,126,94,139,105,111,50,94,82,125,191,187,75,21,36,94,118
2023-08-17,100,217,140,203,NA,142,137,100,NA,91,NA,33,83,79,122,218,181,108,29,73,69,121
2023-08-18,100,150,160,165,NA,142,169,78,115,77,100,8,100,74,110,203,177,75,43,59,112,117
2023-08-19,141,133,73,155,349,100,137,83,100,95,122,42,93,95,112,197,184,67,14,36,56,132
2023-08-20,109,183,87,135,349,104,131,61,107,109,111,42,89,82,112,182,152,58,21,14,75,126
2023-08-21,123,250,100,161,NA,123,154,106,135,136,122,25,91,103,125,191,165,75,29,23,62,119
2023-08-22,127,133,120,165,NA,169,140,94,NA,141,NA,8,122,82,127,164,171,83,21,50,50,120
2023-08-23,123,167,160,171,NA,162,149,122,133,145,111,33,96,79,139,185,165,75,36,50,75,125
2023-08-24,105,150,113,171,NA,123,137,100,126,59,100,42,115,84,153,188,139,108,43,50,38,117
2023-08-25,123,150,107,161,NA,131,163,100,NA,95,NA,42,124,92,122,121,126,67,43,77,81,114
2023-08-26,82,167,107,129,NA,115,146,72,115,45,111,42,124,82,106,161,123,100,21,36,NA,105
2023-08-27,127,33,60,139,NA,119,154,83,141,59,144,17,106,79,116,161,129,83,57,50,88,109
2023-08-28,118,83,87,171,NA,135,149,106,163,NA,133,17,NA,79,120,NA,145,100,43,36,81,116
2023-08-29,114,83,113,184,NA,123,166,122,150,86,89,8,111,89,133,161,152,50,57,55,94,120
2023-08-30,NA,100,100,158,NA,146,137,144,148,95,156,42,126,95,120,170,168,83,21,100,75,124
2023-08-31,82,183,107,197,NA,131,106,83,154,105,122,33,117,87,137,148,142,58,36,55,75,116
2023-09-01,132,100,140,129,170,127,126,133,137,77,67,50,100,103,125,191,168,150,50,73,81,125
